Item,Recipe,Power,Items,Buildings,Resources,Buildings Scaled,Resources Scaled,Bauxite,Nitrogen Gas,SAM,Limestone,Crude Oil,Caterium Ore,Coal,Raw Quartz,Sulfur,Water,Uranium,Copper Ore,Iron Ore
Iron Plate,Iron Plate,71408.4,81677.4,1055.9,33540.4,1075.3,34218.6,2443.0,1163.9,635.7,894.5,2913.4,864.2,203.0,1134.0,735.6,7707.6,169.0,6899.2,7777.4
Iron Plate,Alternate: Coated Iron Plate,71358.5,81287.1,1042.6,33376.3,1071.5,34180.5,2442.9,1163.6,635.7,894.4,2930.0,864.0,202.9,1133.9,735.2,7718.4,168.9,6861.2,7625.2
Iron Plate,Alternate: Steel Cast Plate,71410.7,81409.3,1045.7,33407.6,1074.3,34188.5,2443.0,1163.9,635.7,894.5,2928.9,864.2,203.0,1134.0,735.6,7709.8,169.0,6854.9,7671.2
Iron Rod,Iron Rod,71572.8,81866.0,1075.4,33654.4,1086.8,34267.6,2443.1,1165.0,635.7,894.7,2906.3,864.8,203.3,1134.4,736.6,7727.1,169.3,6941.2,7832.8
Iron Rod,Alternate: Steel Rod,71358.5,81287.1,1042.6,33376.3,1071.5,34180.5,2442.9,1163.6,635.7,894.4,2930.0,864.0,202.9,1133.9,735.2,7718.4,168.9,6861.2,7625.2
Iron Rod,Alternate: Aluminum Rod,71337.6,81421.6,1042.5,33414.2,1071.1,34322.4,2528.6,1163.5,635.7,894.4,2912.9,863.9,202.8,1133.8,735.1,7800.7,168.9,6861.2,7512.7
Iron Ingot,Iron Ingot,71354.8,81334.2,1045.5,33423.6,1071.2,34185.9,2442.9,1163.6,635.7,894.4,2930.0,864.0,202.9,1133.8,735.2,7718.2,168.9,6842.2,7691.8
Iron Ingot,Alternate: Pure Iron Ingot,71400.8,81318.8,1043.1,33405.5,1072.0,34182.6,2443.0,1163.9,635.7,894.5,2930.1,864.2,203.0,1134.0,735.5,7764.7,169.0,6842.2,7625.9
Iron Ingot,Alternate: Leached Iron ingot,71381.6,81309.5,1042.5,33383.1,1071.4,34207.3,2442.9,1163.7,635.7,894.4,2930.1,864.1,202.9,1133.9,749.7,7734.0,169.0,6842.2,7620.4
Iron Ingot,Alternate: Basic Iron Ingot,71390.9,81382.1,1043.7,33469.4,1072.6,34212.8,2443.0,1163.8,635.7,1008.6,2930.1,864.1,203.0,1133.9,735.4,7720.2,169.0,6842.2,7620.4
Iron Ingot,Alternate: Iron Alloy Ingot,71358.5,81287.1,1042.6,33376.3,1071.5,34180.5,2442.9,1163.6,635.7,894.4,2930.0,864.0,202.9,1133.9,735.2,7718.4,168.9,6861.2,7625.2
Rocket Fuel,Alternate: Nitro Rocket Fuel,71200.6,81427.5,1035.4,33644.7,1066.2,34519.4,2442.8,1183.6,635.7,894.2,2872.0,863.4,272.4,1133.4,874.0,7820.6,168.7,6860.7,7623.2
Rocket Fuel,Rocket Fuel,72205.6,81404.1,1060.3,32910.6,1100.6,33658.3,2443.5,1110.0,635.7,895.5,3030.4,867.4,8.0,1136.0,544.0,7575.9,170.3,6862.7,7631.1
Packaged Rocket Fuel,Packaged Rocket Fuel,71358.5,81287.1,1042.6,33376.3,1071.5,34180.5,2442.9,1163.6,635.7,894.4,2930.0,864.0,202.9,1133.9,735.2,7718.4,168.9,6861.2,7625.2
Empty Fluid Tank,Empty Fluid Tank,71358.5,81287.1,1042.6,33376.3,1071.5,34180.5,2442.9,1163.6,635.7,894.4,2930.0,864.0,202.9,1133.9,735.2,7718.4,168.9,6861.2,7625.2
Ionized Fuel,Alternate: Dark-Ion Fuel,71197.2,84804.7,1069.6,34629.4,1080.8,36621.8,2682.8,1293.3,1078.5,894.2,3105.5,863.3,265.0,940.6,859.2,7991.0,168.7,6861.3,7625.9
Ionized Fuel,Ionized Fuel,71358.5,81287.1,1042.6,33376.3,1071.5,34180.5,2442.9,1163.6,635.7,894.4,2930.0,864.0,202.9,1133.9,735.2,7718.4,168.9,6861.2,7625.2
Excited Photonic Matter,Excited Photonic Matter,71358.5,81287.1,1042.6,33376.3,1071.5,34180.5,2442.9,1163.6,635.7,894.4,2930.0,864.0,202.9,1133.9,735.2,7718.4,168.9,6861.2,7625.2
Dark Matter Crystal,Dark Matter Crystal,71736.3,82605.3,1042.8,34192.2,1074.8,36303.7,2443.2,1166.0,1375.3,894.9,2975.4,865.5,203.7,1134.8,737.7,7739.4,169.6,6861.3,7625.5
Dark Matter Crystal,Alternate: Dark Matter Trap,71366.4,81345.5,1043.3,33421.1,1071.9,34277.4,2442.9,1163.6,635.7,894.4,2974.1,864.0,202.9,1133.9,735.3,7718.9,168.9,6861.2,7625.2
Dark Matter Crystal,Alternate: Dark Matter Crystallization,75053.5,85082.5,1076.1,35346.4,1092.6,39405.1,2445.4,1187.1,3118.9,899.3,2115.7,878.7,210.6,1143.3,759.0,7923.1,175.1,6862.1,7627.9
Superposition Oscillator,Superposition Oscillator,71358.5,81287.1,1042.6,33376.3,1071.5,34180.5,2442.9,1163.6,635.7,894.4,2930.0,864.0,202.9,1133.9,735.2,7718.4,168.9,6861.2,7625.2
Neural-Quantum Processor,Neural-Quantum Processor,71358.5,81287.1,1042.6,33376.3,1071.5,34180.5,2442.9,1163.6,635.7,894.4,2930.0,864.0,202.9,1133.9,735.2,7718.4,168.9,6861.2,7625.2
AI Expansion Server,AI Expansion Server,71358.5,81287.1,1042.6,33376.3,1071.5,34180.5,2442.9,1163.6,635.7,894.4,2930.0,864.0,202.9,1133.9,735.2,7718.4,168.9,6861.2,7625.2
Packaged Ionized Fuel,Packaged Ionized Fuel,71358.5,81287.1,1042.6,33376.3,1071.5,34180.5,2442.9,1163.6,635.7,894.4,2930.0,864.0,202.9,1133.9,735.2,7718.4,168.9,6861.2,7625.2
Diamonds,Alternate: Turbo Diamonds,70956.1,83987.1,1058.7,35205.0,1093.2,33817.3,2442.7,1181.9,635.7,893.9,1752.9,862.4,2883.2,1132.8,889.4,7878.1,168.3,6860.6,7623.0
Diamonds,Diamonds,73220.7,85469.3,1051.2,37452.1,1080.3,34897.4,2444.2,1175.4,635.7,896.9,1631.0,871.4,5429.7,1138.6,747.2,7821.6,172.0,6861.7,7626.6
Diamonds,Alternate: Pink Diamonds,73417.4,84713.9,1075.5,35901.9,1110.6,35083.9,2444.3,1176.7,635.7,897.1,1631.7,872.2,2296.3,2146.4,748.5,8392.1,172.4,6861.7,7626.7
Diamonds,Alternate: Petroleum Diamonds,75948.3,91325.0,1174.7,33809.6,1169.7,34644.6,2374.3,1192.8,635.7,900.5,3083.2,925.4,212.4,1120.2,714.2,7975.9,176.6,6866.0,7632.3
Diamonds,Alternate: Oil-Based Diamonds,71358.5,81287.1,1042.6,33376.3,1071.5,34180.5,2442.9,1163.6,635.7,894.4,2930.0,864.0,202.9,1133.9,735.2,7718.4,168.9,6861.2,7625.2
Diamonds,Alternate: Cloudy Diamonds,76290.1,90084.4,1066.2,41891.7,1103.8,36286.9,2446.3,1194.9,635.7,7168.5,1642.2,883.6,3346.9,1146.5,767.0,7991.6,177.2,6862.4,7628.9
SAM Fluctuator,SAM Fluctuator,71358.5,81287.1,1042.6,33376.3,1071.5,34180.5,2442.9,1163.6,635.7,894.4,2930.0,864.0,202.9,1133.9,735.2,7718.4,168.9,6861.2,7625.2
Ficsite Trigon,Ficsite Trigon,71358.5,81287.1,1042.6,33376.3,1071.5,34180.5,2442.9,1163.6,635.7,894.4,2930.0,864.0,202.9,1133.9,735.2,7718.4,168.9,6861.2,7625.2
Ficsite Ingot,Ficsite Ingot (Iron),73217.5,83340.5,1068.6,34774.7,1101.4,35698.5,2126.3,1175.4,1271.5,896.9,2909.1,871.4,206.8,1138.6,747.2,7499.9,172.0,7116.0,8643.7
Ficsite Ingot,Ficsite Ingot (Aluminum),71358.5,81287.1,1042.6,33376.3,1071.5,34180.5,2442.9,1163.6,635.7,894.4,2930.0,864.0,202.9,1133.9,735.2,7718.4,168.9,6861.2,7625.2
Ficsite Ingot,Ficsite Ingot (Caterium),72259.4,80938.0,1052.3,33791.8,1084.9,35527.8,2125.7,1169.3,953.6,895.6,2951.7,1503.3,204.8,1136.2,741.0,7452.9,170.4,6861.4,7625.9
Time Crystal,Time Crystal,71358.5,81287.1,1042.6,33376.3,1071.5,34180.5,2442.9,1163.6,635.7,894.4,2930.0,864.0,202.9,1133.9,735.2,7718.4,168.9,6861.2,7625.2
Reanimated SAM,Reanimated SAM,71358.5,81287.1,1042.6,33376.3,1071.5,34180.5,2442.9,1163.6,635.7,894.4,2930.0,864.0,202.9,1133.9,735.2,7718.4,168.9,6861.2,7625.2
Biochemical Sculptor,Biochemical Sculptor,71358.5,81287.1,1042.6,33376.3,1071.5,34180.5,2442.9,1163.6,635.7,894.4,2930.0,864.0,202.9,1133.9,735.2,7718.4,168.9,6861.2,7625.2
Bauxite,Bauxite (Caterium),71358.5,81287.1,1042.6,33376.3,1071.5,34180.5,2442.9,1163.6,635.7,894.4,2930.0,864.0,202.9,1133.9,735.2,7718.4,168.9,6861.2,7625.2
Bauxite,Bauxite (Copper),71358.5,81287.1,1042.6,33376.3,1071.5,34180.5,2442.9,1163.6,635.7,894.4,2930.0,864.0,202.9,1133.9,735.2,7718.4,168.9,6861.2,7625.2
Caterium Ore,Caterium Ore (Copper),71358.5,81287.1,1042.6,33376.3,1071.5,34180.5,2442.9,1163.6,635.7,894.4,2930.0,864.0,202.9,1133.9,735.2,7718.4,168.9,6861.2,7625.2
Caterium Ore,Caterium Ore (Quartz),71358.5,81287.1,1042.6,33376.3,1071.5,34180.5,2442.9,1163.6,635.7,894.4,2930.0,864.0,202.9,1133.9,735.2,7718.4,168.9,6861.2,7625.2
Coal,Coal (Iron),71358.5,81287.1,1042.6,33376.3,1071.5,34180.5,2442.9,1163.6,635.7,894.4,2930.0,864.0,202.9,1133.9,735.2,7718.4,168.9,6861.2,7625.2
Coal,Coal (Limestone),71358.5,81287.1,1042.6,33376.3,1071.5,34180.5,2442.9,1163.6,635.7,894.4,2930.0,864.0,202.9,1133.9,735.2,7718.4,168.9,6861.2,7625.2
Coal,Alternate: Charcoal,71358.5,81287.1,1042.6,33376.3,1071.5,34180.5,2442.9,1163.6,635.7,894.4,2930.0,864.0,202.9,1133.9,735.2,7718.4,168.9,6861.2,7625.2
Coal,Alternate: Biocoal,71358.5,81287.1,1042.6,33376.3,1071.5,34180.5,2442.9,1163.6,635.7,894.4,2930.0,864.0,202.9,1133.9,735.2,7718.4,168.9,6861.2,7625.2
Copper Ore,Copper Ore (Quartz),71358.5,81287.1,1042.6,33376.3,1071.5,34180.5,2442.9,1163.6,635.7,894.4,2930.0,864.0,202.9,1133.9,735.2,7718.4,168.9,6861.2,7625.2
Copper Ore,Copper Ore (Sulfur),71358.5,81287.1,1042.6,33376.3,1071.5,34180.5,2442.9,1163.6,635.7,894.4,2930.0,864.0,202.9,1133.9,735.2,7718.4,168.9,6861.2,7625.2
Iron Ore,Iron Ore (Limestone),71358.5,81287.1,1042.6,33376.3,1071.5,34180.5,2442.9,1163.6,635.7,894.4,2930.0,864.0,202.9,1133.9,735.2,7718.4,168.9,6861.2,7625.2
Limestone,Limestone (Sulfur),71358.5,81287.1,1042.6,33376.3,1071.5,34180.5,2442.9,1163.6,635.7,894.4,2930.0,864.0,202.9,1133.9,735.2,7718.4,168.9,6861.2,7625.2
Nitrogen Gas,Nitrogen Gas (Bauxite),71358.5,81287.1,1042.6,33376.3,1071.5,34180.5,2442.9,1163.6,635.7,894.4,2930.0,864.0,202.9,1133.9,735.2,7718.4,168.9,6861.2,7625.2
Nitrogen Gas,Nitrogen Gas (Caterium),71358.5,81287.1,1042.6,33376.3,1071.5,34180.5,2442.9,1163.6,635.7,894.4,2930.0,864.0,202.9,1133.9,735.2,7718.4,168.9,6861.2,7625.2
Nitrogen Gas,Unpackage Nitrogen Gas,71358.5,81287.1,1042.6,33376.3,1071.5,34180.5,2442.9,1163.6,635.7,894.4,2930.0,864.0,202.9,1133.9,735.2,7718.4,168.9,6861.2,7625.2
Raw Quartz,Raw Quartz (Bauxite),71358.5,81287.1,1042.6,33376.3,1071.5,34180.5,2442.9,1163.6,635.7,894.4,2930.0,864.0,202.9,1133.9,735.2,7718.4,168.9,6861.2,7625.2
Raw Quartz,Raw Quartz (Coal),71358.5,81287.1,1042.6,33376.3,1071.5,34180.5,2442.9,1163.6,635.7,894.4,2930.0,864.0,202.9,1133.9,735.2,7718.4,168.9,6861.2,7625.2
Sulfur,Sulfur (Coal),71358.5,81287.1,1042.6,33376.3,1071.5,34180.5,2442.9,1163.6,635.7,894.4,2930.0,864.0,202.9,1133.9,735.2,7718.4,168.9,6861.2,7625.2
Sulfur,Sulfur (Iron),71358.5,81287.1,1042.6,33376.3,1071.5,34180.5,2442.9,1163.6,635.7,894.4,2930.0,864.0,202.9,1133.9,735.2,7718.4,168.9,6861.2,7625.2
Uranium,Uranium Ore (Bauxite),71358.5,81287.1,1042.6,33376.3,1071.5,34180.5,2442.9,1163.6,635.7,894.4,2930.0,864.0,202.9,1133.9,735.2,7718.4,168.9,6861.2,7625.2
Turbofuel,Turbofuel,71583.5,81451.4,1047.2,33445.4,1075.8,34025.4,2443.1,1160.3,635.7,894.7,2876.9,864.9,187.6,1134.4,705.2,7886.2,169.3,6861.3,7625.8
Turbofuel,Alternate: Turbo Heavy Fuel,71358.5,81287.1,1042.6,33376.3,1071.5,34180.5,2442.9,1163.6,635.7,894.4,2930.0,864.0,202.9,1133.9,735.2,7718.4,168.9,6861.2,7625.2
Turbofuel,Alternate: Turbo Blend Fuel,71203.6,81431.4,1035.4,33646.9,1066.3,34522.7,2442.8,1183.6,635.7,894.2,2871.5,863.4,272.5,1133.5,875.5,7821.7,168.7,6860.7,7623.2
Packaged Turbofuel,Packaged Turbofuel,71358.5,81287.1,1042.6,33376.3,1071.5,34180.5,2442.9,1163.6,635.7,894.4,2930.0,864.0,202.9,1133.9,735.2,7718.4,168.9,6861.2,7625.2
Empty Canister,Alternate: Steel Canister,71350.1,81425.1,1043.7,33415.8,1071.6,34167.7,2442.9,1163.5,635.7,894.4,2916.9,864.0,202.9,1133.8,735.2,7696.2,168.9,6861.2,7700.2
Empty Canister,Empty Canister,71358.5,81287.1,1042.6,33376.3,1071.5,34180.5,2442.9,1163.6,635.7,894.4,2930.0,864.0,202.9,1133.9,735.2,7718.4,168.9,6861.2,7625.2
Empty Canister,Alternate: Coated Iron Canister,71368.7,81334.5,1043.2,33395.9,1073.2,34144.3,2442.9,1163.7,635.7,894.4,2903.6,864.0,202.9,1133.9,735.3,7722.5,168.9,6877.0,7651.0
Circuit Board,Circuit Board,72756.6,81864.4,1077.0,33597.6,1117.2,34483.3,2299.9,1172.5,635.7,896.3,3152.6,998.1,205.8,1050.8,744.2,7899.9,171.3,6790.7,7579.8
Circuit Board,Alternate: Electrode Circuit Board,72612.6,81667.1,1079.5,33244.4,1115.0,34881.5,2299.8,1171.6,635.7,896.1,3444.3,997.5,205.5,1050.6,743.3,7468.8,171.0,6685.7,7474.6
Circuit Board,Alternate: Caterium Circuit Board,71330.1,81303.1,1047.7,32999.6,1074.7,34336.6,2442.9,1163.4,635.7,894.4,3083.6,1137.7,202.8,922.9,735.1,7477.2,168.9,6685.5,7449.5
Circuit Board,Alternate: Silicon Circuit Board,71358.5,81287.1,1042.6,33376.3,1071.5,34180.5,2442.9,1163.6,635.7,894.4,2930.0,864.0,202.9,1133.9,735.2,7718.4,168.9,6861.2,7625.2
Fuel,Fuel,72049.9,81147.4,1060.3,32940.1,1100.4,34375.2,2443.4,1109.1,635.7,895.3,3406.8,866.7,8.0,1135.6,543.4,7232.4,170.1,6862.7,7630.9
Fuel,Residual Fuel,72359.9,81497.1,1071.6,32863.1,1107.5,34180.4,2443.6,1110.9,635.7,895.7,3306.8,868.0,8.0,1136.4,544.7,7248.7,170.6,6862.7,7631.2
Fuel,Unpackage Fuel,72158.7,81936.1,1070.3,32921.1,1110.5,33901.6,2443.5,1109.7,635.7,895.5,3157.9,867.2,8.0,1135.9,543.8,7459.9,170.3,6862.7,7631.0
Fuel,Alternate: Diluted Fuel,71358.5,81287.1,1042.6,33376.3,1071.5,34180.5,2442.9,1163.6,635.7,894.4,2930.0,864.0,202.9,1133.9,735.2,7718.4,168.9,6861.2,7625.2
Polymer Resin,Fuel,71309.9,81193.2,1043.8,33448.1,1074.5,34182.6,2442.9,1163.3,635.7,894.3,2855.0,863.8,505.4,1133.7,734.9,7702.6,168.8,6901.5,7446.1
Polymer Resin,Alternate: Polymer Resin,71311.5,81178.8,1043.7,33453.2,1074.4,34186.9,2442.9,1163.3,635.7,894.3,2856.9,863.8,503.8,1133.7,734.9,7706.7,168.9,6901.3,7447.1
Polymer Resin,Alternate: Heavy Oil Residue,71309.9,81193.2,1043.8,33448.1,1074.5,34182.6,2442.9,1163.3,635.7,894.3,2855.0,863.8,505.4,1133.7,734.9,7702.6,168.8,6901.5,7446.1
Petroleum Coke,Petroleum Coke,71358.5,81287.1,1042.6,33376.3,1071.5,34180.5,2442.9,1163.6,635.7,894.4,2930.0,864.0,202.9,1133.9,735.2,7718.4,168.9,6861.2,7625.2
Plastic,Plastic,71276.8,80968.6,1041.4,33386.2,1070.2,34465.8,2442.9,1163.1,635.7,894.3,3080.9,863.7,202.7,1133.6,734.7,7579.5,168.8,6861.2,7625.1
Plastic,Residual Plastic,71504.5,81915.2,1048.7,33580.3,1076.7,34339.5,2443.0,1164.5,635.7,894.6,2976.8,866.0,203.2,1134.2,736.2,7792.5,169.2,6862.6,7701.7
Plastic,Alternate: Recycled Plastic,71357.5,81308.8,1042.4,33377.4,1071.3,34200.5,2442.9,1163.6,635.7,894.4,2940.3,864.0,202.9,1133.9,735.2,7709.2,168.9,6861.2,7625.2
Heavy Oil Residue,Unpackage Heavy Oil Residue,71309.9,81193.2,1043.8,33448.1,1074.5,34182.6,2442.9,1163.3,635.7,894.3,2855.0,863.8,505.4,1133.7,734.9,7702.6,168.8,6901.5,7446.1
Heavy Oil Residue,Alternate: Polymer Resin,71309.9,81193.2,1043.8,33448.1,1074.5,34182.6,2442.9,1163.3,635.7,894.3,2855.0,863.8,505.4,1133.7,734.9,7702.6,168.8,6901.5,7446.1
Heavy Oil Residue,Alternate: Heavy Oil Residue,71358.5,81287.1,1042.6,33376.3,1071.5,34180.5,2442.9,1163.6,635.7,894.4,2930.0,864.0,202.9,1133.9,735.2,7718.4,168.9,6861.2,7625.2
Rubber,Rubber,71358.5,81287.1,1042.6,33376.3,1071.5,34180.5,2442.9,1163.6,635.7,894.4,2930.0,864.0,202.9,1133.9,735.2,7718.4,168.9,6861.2,7625.2
Rubber,Residual Rubber,72551.7,82814.9,1082.2,34256.0,1113.4,34367.0,2318.9,1171.2,635.7,967.7,2627.5,984.3,205.4,1429.7,742.9,8492.3,170.9,6833.6,7675.9
Rubber,Alternate: Recycled Rubber,72042.7,82957.6,1071.9,33846.6,1095.4,34248.9,2462.6,1167.9,635.7,966.9,2716.2,868.1,204.3,1280.7,739.6,8144.6,170.1,6862.8,7627.1
Concrete,Alternate: Wet Concrete,71608.4,82381.8,1040.4,34581.2,1069.5,34276.7,2443.1,1165.2,635.7,1207.9,2779.2,865.0,203.4,1134.5,736.8,8754.4,169.3,6861.2,7625.4
Concrete,Alternate: Rubber Concrete,71358.5,81287.1,1042.6,33376.3,1071.5,34180.5,2442.9,1163.6,635.7,894.4,2930.0,864.0,202.9,1133.9,735.2,7718.4,168.9,6861.2,7625.2
Concrete,Alternate: Fine Concrete,71373.8,81486.7,1052.1,33458.0,1076.7,34178.5,2442.9,1163.7,635.7,966.0,2778.4,864.0,202.9,1278.8,735.3,7734.8,169.0,6861.2,7625.2
Concrete,Concrete,71551.4,82574.9,1083.8,34777.5,1077.1,34469.6,2443.1,1164.8,635.7,2415.6,2779.0,864.8,203.3,1134.3,736.5,7744.7,169.3,6861.2,7625.3
Steel Beam,Steel Beam,71816.0,82203.3,1067.1,33596.7,1089.4,33961.5,2175.0,1166.5,635.7,824.6,3040.4,865.8,203.8,1135.0,738.2,7492.8,169.7,6861.3,8287.9
Steel Beam,Alternate: Molded Beam,71827.1,82229.4,1063.5,33678.3,1089.8,34018.7,2175.0,1166.6,635.7,979.3,3049.6,865.9,203.9,1135.1,738.3,7488.5,169.7,6861.3,8209.6
Steel Beam,Alternate: Aluminum Beam,71358.5,81287.1,1042.6,33376.3,1071.5,34180.5,2442.9,1163.6,635.7,894.4,2930.0,864.0,202.9,1133.9,735.2,7718.4,168.9,6861.2,7625.2
Steel Pipe,Steel Pipe,71358.5,81287.1,1042.6,33376.3,1071.5,34180.5,2442.9,1163.6,635.7,894.4,2930.0,864.0,202.9,1133.9,735.2,7718.4,168.9,6861.2,7625.2
Steel Pipe,Alternate: Molded Steel Pipe,71431.1,81283.6,1026.4,33538.9,1074.1,34287.7,2443.0,1164.0,635.7,1246.8,2940.5,864.7,203.0,1134.0,735.7,7713.3,169.1,6861.6,7427.5
Steel Pipe,Alternate: Iron Pipe,71530.4,82477.0,1048.9,34051.8,1084.7,34242.7,2443.0,1164.7,635.7,894.6,2782.2,865.9,203.2,1134.3,736.3,7718.7,169.2,7144.3,8159.4
Steel Ingot,Steel Ingot,71412.7,81340.9,1044.2,34385.9,1076.6,34487.7,2443.0,1163.9,635.7,901.6,2740.2,865.6,1145.6,1148.4,735.6,7712.2,169.0,6862.6,7862.3
Steel Ingot,Alternate: Coke Steel Ingot,71358.5,81287.1,1042.6,33376.3,1071.5,34180.5,2442.9,1163.6,635.7,894.4,2930.0,864.0,202.9,1133.9,735.2,7718.4,168.9,6861.2,7625.2
Steel Ingot,Alternate: Compacted Steel Ingot,71517.5,82626.9,1049.2,34093.3,1084.7,34381.8,2528.8,1164.6,635.7,897.0,2758.0,866.0,203.2,1139.2,736.3,7803.7,169.2,7144.5,8047.1
Steel Ingot,Alternate: Solid Steel Ingot,71316.2,81118.1,1047.0,33539.9,1079.3,34155.9,2442.9,1163.3,635.7,901.6,2739.6,865.2,831.2,1148.5,735.0,7706.9,168.9,6946.4,7254.8
Versatile Framework,Versatile Framework,71330.1,81397.0,1044.2,33394.7,1071.4,34183.1,2462.1,1163.4,635.7,894.4,2909.8,863.9,202.8,1133.8,735.1,7738.5,168.9,6861.2,7625.2
Versatile Framework,Alternate: Flexible Framework,71358.5,81287.1,1042.6,33376.3,1071.5,34180.5,2442.9,1163.6,635.7,894.4,2930.0,864.0,202.9,1133.9,735.2,7718.4,168.9,6861.2,7625.2
Packaged Fuel,Packaged Fuel,71358.5,81287.1,1042.6,33376.3,1071.5,34180.5,2442.9,1163.6,635.7,894.4,2930.0,864.0,202.9,1133.9,735.2,7718.4,168.9,6861.2,7625.2
Packaged Fuel,Alternate: Diluted Packaged Fuel,71358.5,81287.1,1042.6,33376.3,1071.5,34180.5,2442.9,1163.6,635.7,894.4,2930.0,864.0,202.9,1133.9,735.2,7718.4,168.9,6861.2,7625.2
Liquid Biofuel,Liquid Biofuel,71358.5,81287.1,1042.6,33376.3,1071.5,34180.5,2442.9,1163.6,635.7,894.4,2930.0,864.0,202.9,1133.9,735.2,7718.4,168.9,6861.2,7625.2
Liquid Biofuel,Unpackage Liquid Biofuel,71358.5,81287.1,1042.6,33376.3,1071.5,34180.5,2442.9,1163.6,635.7,894.4,2930.0,864.0,202.9,1133.9,735.2,7718.4,168.9,6861.2,7625.2
Packaged Liquid Biofuel,Packaged Liquid Biofuel,71358.5,81287.1,1042.6,33376.3,1071.5,34180.5,2442.9,1163.6,635.7,894.4,2930.0,864.0,202.9,1133.9,735.2,7718.4,168.9,6861.2,7625.2
Packaged Oil,Packaged Oil,71358.5,81287.1,1042.6,33376.3,1071.5,34180.5,2442.9,1163.6,635.7,894.4,2930.0,864.0,202.9,1133.9,735.2,7718.4,168.9,6861.2,7625.2
Packaged Heavy Oil Residue,Packaged Heavy Oil Residue,71358.5,81287.1,1042.6,33376.3,1071.5,34180.5,2442.9,1163.6,635.7,894.4,2930.0,864.0,202.9,1133.9,735.2,7718.4,168.9,6861.2,7625.2
Packaged Water,Packaged Water,71358.5,81287.1,1042.6,33376.3,1071.5,34180.5,2442.9,1163.6,635.7,894.4,2930.0,864.0,202.9,1133.9,735.2,7718.4,168.9,6861.2,7625.2
Crude Oil,Unpackage Oil,71358.5,81287.1,1042.6,33376.3,1071.5,34180.5,2442.9,1163.6,635.7,894.4,2930.0,864.0,202.9,1133.9,735.2,7718.4,168.9,6861.2,7625.2
Water,Aluminum Scrap,67059.6,91890.7,1437.7,38686.6,1032.7,42027.9,3036.2,1213.4,1078.5,863.2,1744.1,1601.2,4925.6,1028.5,937.4,7087.4,161.8,14046.6,962.4
Water,Alternate: Electrode Aluminum Scrap,67042.3,91077.0,1461.9,36679.5,1051.7,42071.9,2732.6,1213.3,1078.5,863.2,2704.4,1601.1,3221.7,1028.5,937.3,6142.6,161.7,14046.6,947.7
Water,Alternate: Instant Scrap,67988.3,85745.6,1440.2,37833.9,1085.3,42855.9,2547.3,1184.5,943.7,863.2,1997.2,1606.3,4771.0,1088.3,1749.5,5730.3,163.3,14047.1,1142.1
Copper Sheet,Alternate: Steamed Copper Sheet,71358.5,81287.1,1042.6,33376.3,1071.5,34180.5,2442.9,1163.6,635.7,894.4,2930.0,864.0,202.9,1133.9,735.2,7718.4,168.9,6861.2,7625.2
Copper Sheet,Copper Sheet,71026.7,81642.2,1067.8,33348.1,1069.6,34249.2,2442.7,1161.5,635.7,894.0,2928.8,862.7,202.2,1133.0,733.1,7297.8,168.4,7062.2,7826.1
Quartz Crystal,Alternate: Pure Quartz Crystal,71358.5,81287.1,1042.6,33376.3,1071.5,34180.5,2442.9,1163.6,635.7,894.4,2930.0,864.0,202.9,1133.9,735.2,7718.4,168.9,6861.2,7625.2
Quartz Crystal,Quartz Crystal,71100.4,81071.0,1055.4,33174.9,1068.1,34468.4,2442.8,1161.9,635.7,894.1,2929.0,863.0,202.3,1338.2,733.6,7319.7,168.5,6861.1,7625.0
Quartz Crystal,Alternate: Quartz Purification,71619.2,81989.3,1026.5,33519.9,1082.8,34355.8,2443.1,1452.4,635.7,1031.2,2932.3,865.0,203.4,861.6,736.9,7694.2,169.4,6862.8,7631.8
Quartz Crystal,Alternate: Fused Quartz Crystal,71205.9,81295.3,1041.8,33393.2,1070.6,34407.0,2442.8,1162.6,635.7,894.2,2929.4,863.4,561.4,1189.0,734.3,7325.5,168.7,6861.1,7625.1
Copper Ingot,Alternate: Pure Copper Ingot,79883.5,77937.4,1300.2,29539.3,1336.6,32908.4,2448.7,1217.8,635.7,905.8,2961.0,897.9,220.6,1155.7,790.1,11840.9,183.1,5494.5,787.3
Copper Ingot,Alternate: Copper Alloy Ingot,71358.5,81287.1,1042.6,33376.3,1071.5,34180.5,2442.9,1163.6,635.7,894.4,2930.0,864.0,202.9,1133.9,735.2,7718.4,168.9,6861.2,7625.2
Copper Ingot,Alternate: Tempered Copper Ingot,76642.0,89315.1,1311.2,27776.1,1292.7,36221.5,2410.4,1197.2,635.7,901.4,5070.4,1164.8,213.9,935.9,743.8,7953.6,177.7,5585.5,785.7
Copper Ingot,Alternate: Leached Copper Ingot,74659.6,83001.1,1103.8,31791.1,1135.6,40284.6,2445.2,1184.6,635.7,898.8,2942.0,877.1,209.8,1142.3,3866.9,11011.7,174.4,5617.9,784.7
Copper Ingot,Copper Ingot,70969.3,81231.8,1360.6,33343.2,1085.0,37198.0,2442.7,1161.1,635.7,893.9,2928.6,862.4,202.1,1132.9,732.7,7696.9,168.3,13703.1,782.8
Caterium Ingot,Alternate: Pure Caterium Ingot,71875.0,82263.2,1033.1,34110.8,1087.2,33754.6,2443.3,1166.9,635.7,895.1,2869.1,379.0,204.0,1135.2,738.6,8117.7,169.8,7296.2,8060.4
Caterium Ingot,Alternate: Tempered Caterium Ingot,71358.5,81287.1,1042.6,33376.3,1071.5,34180.5,2442.9,1163.6,635.7,894.4,2930.0,864.0,202.9,1133.9,735.2,7718.4,168.9,6861.2,7625.2
Caterium Ingot,Alternate: Leached Caterium Ingot,71610.6,82224.5,1024.8,33929.8,1078.7,33898.0,2443.1,1165.2,635.7,894.7,2868.2,283.9,203.4,1134.5,894.6,7881.8,169.4,7295.6,8059.7
Caterium Ingot,Caterium Ingot,71389.6,82003.0,1028.3,33878.9,1073.5,33953.4,2442.9,1163.8,635.7,894.4,2867.5,567.3,203.0,1133.9,735.4,7711.8,169.0,7295.0,8059.1
Aluminum Ingot,Alternate: Pure Aluminum Ingot,71358.5,81287.1,1042.6,33376.3,1071.5,34180.5,2442.9,1163.6,635.7,894.4,2930.0,864.0,202.9,1133.9,735.2,7718.4,168.9,6861.2,7625.2
Aluminum Ingot,Aluminum Ingot,71831.3,82668.0,1065.6,34113.9,1101.2,36086.7,1779.4,1166.6,635.7,895.0,2874.0,865.9,203.9,2830.1,738.3,7073.1,169.7,7059.0,7823.3
Aluminum Casing,Aluminum Casing,71358.5,81287.1,1042.6,33376.3,1071.5,34180.5,2442.9,1163.6,635.7,894.4,2930.0,864.0,202.9,1133.9,735.2,7718.4,168.9,6861.2,7625.2
Aluminum Casing,Alternate: Alclad Casing,71429.6,81408.7,1037.1,33570.3,1074.4,34126.3,2344.1,1164.0,635.7,894.5,2921.6,864.3,203.0,1134.0,735.7,7622.4,169.0,7058.9,7822.9
Alclad Aluminum Sheet,Alclad Aluminum Sheet,71358.5,81287.1,1042.6,33376.3,1071.5,34180.5,2442.9,1163.6,635.7,894.4,2930.0,864.0,202.9,1133.9,735.2,7718.4,168.9,6861.2,7625.2
Alumina Solution,Alumina Solution,72004.1,83333.6,1030.2,35064.1,1105.2,34405.1,2649.7,1167.7,635.7,895.3,2979.3,876.7,204.2,692.5,688.8,9205.7,170.0,7067.1,7831.4
Alumina Solution,Unpackage Alumina Solution,72314.7,80325.8,1049.6,34869.2,1119.7,36016.8,2138.5,1169.7,635.7,842.7,2828.3,879.3,1630.5,1136.3,1403.6,6810.7,170.5,7068.6,8154.8
Alumina Solution,Alternate: Sloppy Alumina,71358.5,81287.1,1042.6,33376.3,1071.5,34180.5,2442.9,1163.6,635.7,894.4,2930.0,864.0,202.9,1133.9,735.2,7718.4,168.9,6861.2,7625.2
Silica,Alumina Solution,71437.1,81840.5,1047.4,33388.3,1081.3,34341.6,2543.4,1164.1,635.7,894.5,3125.3,1151.9,203.0,692.2,735.7,7914.1,169.1,6685.5,7473.6
Silica,Silica,71358.5,81287.1,1042.6,33376.3,1071.5,34180.5,2442.9,1163.6,635.7,894.4,2930.0,864.0,202.9,1133.9,735.2,7718.4,168.9,6861.2,7625.2
Silica,Alternate: Distilled Silica,71528.9,81874.8,1033.7,33460.2,1080.2,34118.9,2443.0,1336.2,635.7,1001.9,2983.1,896.8,203.2,793.4,736.3,7769.5,169.2,6850.4,7641.5
Silica,Alternate: Cheap Silica,71570.8,81717.3,1037.7,33794.4,1079.9,34149.9,2443.1,1164.9,635.7,1421.0,2930.7,864.8,203.3,1008.1,736.6,7730.2,169.3,6861.2,7625.3
Aluminum Scrap,Aluminum Scrap,71196.4,82330.8,1029.9,35286.5,1059.1,35337.0,2704.9,1162.6,635.7,918.1,2639.4,864.7,1774.9,1182.0,734.2,7937.4,168.7,6862.5,7701.5
Aluminum Scrap,Alternate: Electrode Aluminum Scrap,71358.5,81287.1,1042.6,33376.3,1071.5,34180.5,2442.9,1163.6,635.7,894.4,2930.0,864.0,202.9,1133.9,735.2,7718.4,168.9,6861.2,7625.2
Aluminum Scrap,Alternate: Instant Scrap,72252.3,80100.4,1040.6,35027.6,1113.8,36201.6,2230.8,1169.3,635.7,853.4,2755.5,869.0,1635.7,1136.1,1456.5,6973.3,170.4,7060.6,8081.3
Packaged Alumina Solution,Packaged Alumina Solution,71358.5,81287.1,1042.6,33376.3,1071.5,34180.5,2442.9,1163.6,635.7,894.4,2930.0,864.0,202.9,1133.9,735.2,7718.4,168.9,6861.2,7625.2
Crystal Oscillator,Crystal Oscillator,72327.9,82623.3,1075.4,33844.7,1112.8,34548.0,2443.6,1169.8,635.7,895.7,2919.6,820.1,204.9,1266.2,741.5,7883.5,170.5,6949.3,7744.2
Crystal Oscillator,Alternate: Insulated Crystal Oscillator,71358.5,81287.1,1042.6,33376.3,1071.5,34180.5,2442.9,1163.6,635.7,894.4,2930.0,864.0,202.9,1133.9,735.2,7718.4,168.9,6861.2,7625.2
Smart Plating,Alternate: Plastic Smart Plating,71358.5,81287.1,1042.6,33376.3,1071.5,34180.5,2442.9,1163.6,635.7,894.4,2930.0,864.0,202.9,1133.9,735.2,7718.4,168.9,6861.2,7625.2
Smart Plating,Smart Plating,71359.9,81428.2,1048.3,33394.4,1075.1,34185.2,2444.6,1163.6,635.7,894.4,2926.4,864.0,202.9,1133.9,735.2,7723.3,168.9,6867.2,7634.2
Automated Wiring,Alternate: Automated Speed Wiring,71358.5,81287.1,1042.6,33376.3,1071.5,34180.5,2442.9,1163.6,635.7,894.4,2930.0,864.0,202.9,1133.9,735.2,7718.4,168.9,6861.2,7625.2
Automated Wiring,Automated Wiring,71401.3,81753.9,1053.2,33397.6,1079.0,34261.9,2443.0,1163.9,635.7,894.5,3052.4,825.5,203.0,1078.8,735.5,7697.9,169.0,6853.2,7645.3
Encased Industrial Beam,Encased Industrial Beam,71358.5,81287.1,1042.6,33376.3,1071.5,34180.5,2442.9,1163.6,635.7,894.4,2930.0,864.0,202.9,1133.9,735.2,7718.4,168.9,6861.2,7625.2
Encased Industrial Beam,Alternate: Encased Industrial Pipe,71663.2,81776.7,1061.7,33455.3,1084.9,33975.6,2253.1,1165.5,635.7,824.4,2995.6,865.2,203.5,1134.6,737.2,7556.7,169.4,6861.3,8052.9
Motor,Motor,71374.7,82248.8,1054.4,33603.7,1076.9,34426.4,2449.4,1241.7,635.7,894.4,2930.7,905.6,202.9,1097.5,735.3,7772.3,169.0,6880.7,7688.6
Motor,Alternate: Electric Motor,71325.2,81686.3,1049.1,33424.1,1073.2,34220.3,2445.7,1163.4,635.7,894.4,2909.9,897.9,202.8,1134.8,735.0,7722.9,168.9,6874.3,7638.3
Motor,Alternate: Rigor Motor,71358.5,81287.1,1042.6,33376.3,1071.5,34180.5,2442.9,1163.6,635.7,894.4,2930.0,864.0,202.9,1133.9,735.2,7718.4,168.9,6861.2,7625.2
Stator,Stator,71455.9,81455.7,1046.2,33374.5,1077.6,34014.0,2443.0,1164.2,635.7,894.5,2933.6,740.0,203.1,1134.1,735.9,7724.3,169.1,6888.1,7708.9
Stator,Alternate: Quickwire Stator,71358.5,81287.1,1042.6,33376.3,1071.5,34180.5,2442.9,1163.6,635.7,894.4,2930.0,864.0,202.9,1133.9,735.2,7718.4,168.9,6861.2,7625.2
AI Limiter,AI Limiter,71663.0,82128.1,1059.2,33780.6,1085.7,34344.3,2443.1,1165.5,635.7,894.8,2845.4,954.9,203.5,1134.6,737.2,7885.4,169.4,6973.4,7737.5
AI Limiter,Alternate: Plastic AI Limiter,71358.5,81287.1,1042.6,33376.3,1071.5,34180.5,2442.9,1163.6,635.7,894.4,2930.0,864.0,202.9,1133.9,735.2,7718.4,168.9,6861.2,7625.2
Heavy Modular Frame,Alternate: Heavy Flexible Frame,71943.5,83814.3,1085.6,33574.2,1104.5,34781.6,2462.3,1167.3,635.7,754.0,3079.5,867.7,204.1,1248.5,739.0,7742.0,169.9,6868.6,7635.4
Heavy Modular Frame,Heavy Modular Frame,72687.1,86966.2,1129.0,34327.5,1140.1,35061.8,2582.7,1172.0,635.7,952.5,3060.0,869.3,205.7,1137.3,743.8,7943.0,171.1,6867.4,7987.1
Heavy Modular Frame,Alternate: Heavy Encased Frame,71358.5,81287.1,1042.6,33376.3,1071.5,34180.5,2442.9,1163.6,635.7,894.4,2930.0,864.0,202.9,1133.9,735.2,7718.4,168.9,6861.2,7625.2
Computer,Computer,72247.7,82955.4,1065.5,33858.3,1098.0,34511.4,2443.5,1169.2,635.7,895.6,3115.3,798.0,204.7,1057.4,741.0,7989.6,170.4,6936.7,7701.1
Computer,Alternate: Crystal Computer,71358.5,81287.1,1042.6,33376.3,1071.5,34180.5,2442.9,1163.6,635.7,894.4,2930.0,864.0,202.9,1133.9,735.2,7718.4,168.9,6861.2,7625.2
Computer,Alternate: Caterium Computer,71515.2,81992.6,1052.2,33569.7,1076.8,34303.4,2443.0,1164.6,635.7,894.6,2962.8,930.1,203.2,1055.5,736.2,7749.8,169.2,6930.5,7694.5
Modular Engine,Modular Engine,71358.5,81287.1,1042.6,33376.3,1071.5,34180.5,2442.9,1163.6,635.7,894.4,2930.0,864.0,202.9,1133.9,735.2,7718.4,168.9,6861.2,7625.2
Adaptive Control Unit,Adaptive Control Unit,71358.5,81287.1,1042.6,33376.3,1071.5,34180.5,2442.9,1163.6,635.7,894.4,2930.0,864.0,202.9,1133.9,735.2,7718.4,168.9,6861.2,7625.2
Wire,Alternate: Fused Wire,71358.5,81287.1,1042.6,33376.3,1071.5,34180.5,2442.9,1163.6,635.7,894.4,2930.0,864.0,202.9,1133.9,735.2,7718.4,168.9,6861.2,7625.2
Wire,Alternate: Caterium Wire,71334.7,81335.6,1043.0,33404.7,1069.1,34316.3,2442.9,1163.4,635.7,894.4,2936.1,949.4,202.8,1133.8,735.1,7718.0,168.9,6830.1,7594.1
Wire,Alternate: Iron Wire,71408.8,81537.8,1060.3,33457.5,1075.5,34157.8,2443.0,1163.9,635.7,894.5,2927.9,833.1,203.0,1134.0,735.6,7720.9,169.0,6864.6,7732.3
Wire,Wire,71378.3,81568.0,1053.9,33515.4,1072.5,34209.6,2442.9,1163.7,635.7,894.4,2927.8,833.0,202.9,1133.9,735.4,7719.2,169.0,6946.7,7710.7
Rotor,Alternate: Copper Rotor,71358.5,81287.1,1042.6,33376.3,1071.5,34180.5,2442.9,1163.6,635.7,894.4,2930.0,864.0,202.9,1133.9,735.2,7718.4,168.9,6861.2,7625.2
Rotor,Rotor,71366.8,81509.1,1047.9,33319.0,1074.5,34170.7,2446.3,1163.6,635.7,894.4,2935.0,864.0,202.9,1133.9,735.3,7676.9,168.9,6838.2,7623.7
Rotor,Alternate: Steel Rotor,71392.0,81096.2,1046.4,33363.9,1074.8,34194.6,2435.3,1163.8,635.7,894.4,2941.4,873.3,203.0,1133.9,735.5,7668.1,169.0,6847.4,7663.2
Modular Frame,Modular Frame,71661.1,81307.0,1062.3,33319.2,1093.8,34216.4,2443.1,1165.5,635.7,894.8,2946.3,865.2,203.5,1134.6,737.2,7733.6,169.4,6870.2,7519.9
Modular Frame,Alternate: Bolted Frame,71379.5,82438.9,1045.3,33280.1,1076.0,34219.2,2471.9,1163.7,635.7,894.4,2933.4,864.2,202.9,1133.9,735.4,7746.2,169.0,6870.2,7459.2
Modular Frame,Alternate: Steeled Frame,71358.5,81287.1,1042.6,33376.3,1071.5,34180.5,2442.9,1163.6,635.7,894.4,2930.0,864.0,202.9,1133.9,735.2,7718.4,168.9,6861.2,7625.2
Cable,Alternate: Coated Cable,71413.5,81328.0,1043.9,33372.6,1072.8,34144.7,2443.0,1163.9,635.7,894.5,2908.4,865.6,203.0,1134.0,735.6,7730.6,169.0,6862.6,7626.6
Cable,Alternate: Quickwire Cable,71416.5,81234.1,1047.8,33368.4,1076.1,34168.0,2443.0,1164.0,635.7,894.5,2911.3,880.0,203.0,1134.0,735.6,7723.9,169.0,6855.2,7619.2
Cable,Alternate: Insulated Cable,71358.5,81287.1,1042.6,33376.3,1071.5,34180.5,2442.9,1163.6,635.7,894.4,2930.0,864.0,202.9,1133.9,735.2,7718.4,168.9,6861.2,7625.2
Cable,Cable,71384.5,81638.7,1050.4,33396.6,1074.8,34136.2,2442.9,1163.8,635.7,894.4,2880.7,884.8,202.9,1133.9,735.4,7725.3,169.0,6881.9,7645.9
Reinforced Iron Plate,Alternate: Adhered Iron Plate,71358.5,81287.1,1042.6,33376.3,1071.5,34180.5,2442.9,1163.6,635.7,894.4,2930.0,864.0,202.9,1133.9,735.2,7718.4,168.9,6861.2,7625.2
Reinforced Iron Plate,Alternate: Stitched Iron Plate,71345.0,81638.0,1042.2,33406.1,1071.0,34163.5,2442.9,1163.5,635.7,894.4,2897.4,882.1,202.9,1133.8,735.2,7722.1,168.9,6880.3,7647.0
Reinforced Iron Plate,Alternate: Bolted Iron Plate,71286.5,82267.2,1040.1,33420.6,1066.5,34167.9,2456.0,1163.1,635.7,894.3,2903.4,863.7,202.7,1133.7,734.8,7737.1,168.8,6869.3,7657.9
Reinforced Iron Plate,Reinforced Iron Plate,71365.9,82058.6,1044.7,33419.6,1071.9,34165.3,2452.4,1163.6,635.7,894.4,2903.3,864.0,202.9,1133.9,735.3,7737.8,168.9,6869.4,7657.9
Turbo Motor,Alternate: Turbo Pressure Motor,71358.5,81287.1,1042.6,33376.3,1071.5,34180.5,2442.9,1163.6,635.7,894.4,2930.0,864.0,202.9,1133.9,735.2,7718.4,168.9,6861.2,7625.2
Turbo Motor,Alternate: Turbo Electric Motor,71536.2,81737.7,1049.1,33447.2,1078.4,34209.5,2480.7,1036.7,635.7,864.3,2962.9,880.4,203.3,1185.2,736.4,7798.8,169.2,6882.2,7611.4
Turbo Motor,Turbo Motor,71774.3,81890.3,1052.5,33579.6,1084.8,34542.1,2492.5,1134.2,635.7,864.6,3027.3,866.0,203.8,1169.4,737.9,7803.6,169.6,6872.4,7602.5
Encased Plutonium Cell,Encased Plutonium Cell,71358.5,81287.1,1042.6,33376.3,1071.5,34180.5,2442.9,1163.6,635.7,894.4,2930.0,864.0,202.9,1133.9,735.2,7718.4,168.9,6861.2,7625.2
Encased Plutonium Cell,Alternate: Instant Plutonium Cell,72102.6,81788.3,1048.1,33563.1,1080.3,34541.2,2490.3,1226.0,635.7,799.3,2925.0,874.2,204.4,1153.7,754.4,7838.5,170.2,6862.1,7629.3
Pressure Conversion Cube,Pressure Conversion Cube,71358.5,81287.1,1042.6,33376.3,1071.5,34180.5,2442.9,1163.6,635.7,894.4,2930.0,864.0,202.9,1133.9,735.2,7718.4,168.9,6861.2,7625.2
Nitric Acid,Nitric Acid,71358.5,81287.1,1042.6,33376.3,1071.5,34180.5,2442.9,1163.6,635.7,894.4,2930.0,864.0,202.9,1133.9,735.2,7718.4,168.9,6861.2,7625.2
Nitric Acid,Unpackage Nitric Acid,67295.5,93689.2,1471.8,37878.4,1050.4,42813.5,3272.3,1116.4,1078.5,863.2,2339.5,1545.6,3812.2,1028.8,989.7,6708.9,162.2,14017.3,943.9
Non-Fissile Uranium,Non-Fissile Uranium,71358.5,81287.1,1042.6,33376.3,1071.5,34180.5,2442.9,1163.6,635.7,894.4,2930.0,864.0,202.9,1133.9,735.2,7718.4,168.9,6861.2,7625.2
Non-Fissile Uranium,Alternate: Fertile Uranium,73325.6,83112.1,1065.4,34195.0,1094.3,35283.6,2504.9,1152.8,635.7,1026.3,3051.7,852.7,207.0,1089.4,742.0,7897.8,210.3,7022.8,7801.5
Copper Powder,Copper Powder,71358.5,81287.1,1042.6,33376.3,1071.5,34180.5,2442.9,1163.6,635.7,894.4,2930.0,864.0,202.9,1133.9,735.2,7718.4,168.9,6861.2,7625.2
Plutonium Pellet,Plutonium Pellet,71358.5,81287.1,1042.6,33376.3,1071.5,34180.5,2442.9,1163.6,635.7,894.4,2930.0,864.0,202.9,1133.9,735.2,7718.4,168.9,6861.2,7625.2
Plutonium Fuel Rod,Plutonium Fuel Rod,71358.5,81287.1,1042.6,33376.3,1071.5,34180.5,2442.9,1163.6,635.7,894.4,2930.0,864.0,202.9,1133.9,735.2,7718.4,168.9,6861.2,7625.2
Plutonium Fuel Rod,Alternate: Plutonium Fuel Unit,71497.3,82055.6,1050.3,33679.6,1075.0,34507.4,2526.7,1198.8,635.7,927.2,2955.5,830.2,203.2,1133.9,736.1,7847.2,169.2,6867.3,7648.6
Packaged Nitric Acid,Packaged Nitric Acid,71358.5,81287.1,1042.6,33376.3,1071.5,34180.5,2442.9,1163.6,635.7,894.4,2930.0,864.0,202.9,1133.9,735.2,7718.4,168.9,6861.2,7625.2
Nuclear Pasta,Nuclear Pasta,71358.5,81287.1,1042.6,33376.3,1071.5,34180.5,2442.9,1163.6,635.7,894.4,2930.0,864.0,202.9,1133.9,735.2,7718.4,168.9,6861.2,7625.2
Encased Uranium Cell,Encased Uranium Cell,71380.6,80874.0,1029.1,33458.6,1063.1,35076.9,2442.9,1163.7,635.7,984.5,2930.6,661.3,202.9,1073.1,728.6,7878.3,270.3,6861.2,7625.2
Encased Uranium Cell,Alternate: Infused Uranium Cell,71358.5,81287.1,1042.6,33376.3,1071.5,34180.5,2442.9,1163.6,635.7,894.4,2930.0,864.0,202.9,1133.9,735.2,7718.4,168.9,6861.2,7625.2
Sulfuric Acid,Encased Uranium Cell,67034.1,91193.9,1456.6,36870.3,1048.6,42234.9,2769.4,1213.3,1078.5,863.2,2704.4,1601.1,3324.8,1028.5,937.3,6179.1,161.7,14046.6,962.4
Sulfuric Acid,Sulfuric Acid,71358.5,81287.1,1042.6,33376.3,1071.5,34180.5,2442.9,1163.6,635.7,894.4,2930.0,864.0,202.9,1133.9,735.2,7718.4,168.9,6861.2,7625.2
Sulfuric Acid,Unpackage Sulfuric Acid,67034.1,91193.9,1456.6,36870.3,1048.6,42234.9,2769.4,1213.3,1078.5,863.2,2704.4,1601.1,3324.8,1028.5,937.3,6179.1,161.7,14046.6,962.4
Cooling System,Cooling System,71298.7,81278.7,1040.1,33454.5,1069.7,34339.5,2442.4,1241.2,635.7,894.3,2934.6,856.2,202.8,1127.3,734.9,7736.3,168.8,6859.7,7620.3
Cooling System,Alternate: Cooling Device,71358.5,81287.1,1042.6,33376.3,1071.5,34180.5,2442.9,1163.6,635.7,894.4,2930.0,864.0,202.9,1133.9,735.2,7718.4,168.9,6861.2,7625.2
Battery,Battery,71358.5,81287.1,1042.6,33376.3,1071.5,34180.5,2442.9,1163.6,635.7,894.4,2930.0,864.0,202.9,1133.9,735.2,7718.4,168.9,6861.2,7625.2
Battery,Alternate: Classic Battery,71382.4,81441.9,1048.2,33227.7,1075.7,34030.8,2371.3,1163.7,635.7,894.4,2991.3,874.2,202.9,1133.9,684.8,7570.2,169.0,6886.1,7650.1
Supercomputer,Supercomputer,71957.0,82085.2,1072.3,33508.9,1095.4,34500.3,2283.1,1167.4,635.7,895.2,3062.0,1070.5,204.1,1289.5,612.6,7615.6,169.9,6875.2,7628.1
Supercomputer,Alternate: Super-State Computer,71358.5,81287.1,1042.6,33376.3,1071.5,34180.5,2442.9,1163.6,635.7,894.4,2930.0,864.0,202.9,1133.9,735.2,7718.4,168.9,6861.2,7625.2
Supercomputer,Alternate: OC Supercomputer,71433.7,82862.2,1053.4,33721.8,1071.4,34758.5,2678.3,1285.5,635.7,894.5,3062.3,797.7,203.0,1082.8,609.2,7816.1,169.1,6864.6,7622.9
Radio Control Unit,Radio Control Unit,72045.8,80682.0,1055.5,33267.1,1093.3,34146.4,2299.4,1168.0,635.7,895.3,2851.3,962.7,204.3,1283.3,739.7,7667.2,170.1,6813.0,7577.3
Radio Control Unit,Alternate: Radio Control System,71358.5,81287.1,1042.6,33376.3,1071.5,34180.5,2442.9,1163.6,635.7,894.4,2930.0,864.0,202.9,1133.9,735.2,7718.4,168.9,6861.2,7625.2
Radio Control Unit,Alternate: Radio Connection Unit,72490.1,82868.2,1096.9,33996.7,1114.9,35680.5,2155.7,1170.8,635.7,895.9,2924.1,1396.5,205.2,1721.9,742.5,7560.4,170.8,6826.3,7590.8
Packaged Sulfuric Acid,Packaged Sulfuric Acid,71358.5,81287.1,1042.6,33376.3,1071.5,34180.5,2442.9,1163.6,635.7,894.4,2930.0,864.0,202.9,1133.9,735.2,7718.4,168.9,6861.2,7625.2
Assembly Director System,Assembly Director System,71358.5,81287.1,1042.6,33376.3,1071.5,34180.5,2442.9,1163.6,635.7,894.4,2930.0,864.0,202.9,1133.9,735.2,7718.4,168.9,6861.2,7625.2
High-Speed Connector,High-Speed Connector,71402.7,81766.3,1050.1,33426.7,1075.9,34236.2,2443.0,1163.9,635.7,894.5,3002.5,963.2,203.0,992.6,735.5,7733.2,169.0,6851.3,7639.4
High-Speed Connector,Alternate: Silicon High-Speed Connector,71358.5,81287.1,1042.6,33376.3,1071.5,34180.5,2442.9,1163.6,635.7,894.4,2930.0,864.0,202.9,1133.9,735.2,7718.4,168.9,6861.2,7625.2
Electromagnetic Control Rod,Electromagnetic Control Rod,71348.9,81457.8,1046.4,33378.6,1073.1,34157.3,2442.9,1163.5,635.7,894.4,2981.5,896.1,202.9,1039.4,735.2,7731.2,168.9,6849.4,7637.5
Electromagnetic Control Rod,Alternate: Electromagnetic Connection Rod,71358.5,81287.1,1042.6,33376.3,1071.5,34180.5,2442.9,1163.6,635.7,894.4,2930.0,864.0,202.9,1133.9,735.2,7718.4,168.9,6861.2,7625.2
Uranium Fuel Rod,Uranium Fuel Rod,72551.5,82633.5,1059.0,34037.0,1080.2,35109.7,2485.3,1147.9,635.7,992.6,3011.1,897.9,205.4,1112.3,762.4,7779.2,198.3,7014.9,7794.0
Uranium Fuel Rod,Alternate: Uranium Fuel Unit,71358.5,81287.1,1042.6,33376.3,1071.5,34180.5,2442.9,1163.6,635.7,894.4,2930.0,864.0,202.9,1133.9,735.2,7718.4,168.9,6861.2,7625.2
Magnetic Field Generator,Magnetic Field Generator,71358.5,81287.1,1042.6,33376.3,1071.5,34180.5,2442.9,1163.6,635.7,894.4,2930.0,864.0,202.9,1133.9,735.2,7718.4,168.9,6861.2,7625.2
Heat Sink,Heat Sink,71496.4,81620.8,1048.6,33511.3,1078.0,34176.7,2452.6,1164.5,635.7,894.6,2882.6,864.5,203.2,1134.2,736.1,7798.2,169.2,6905.9,7670.0
Heat Sink,Alternate: Heat Exchanger,71358.5,81287.1,1042.6,33376.3,1071.5,34180.5,2442.9,1163.6,635.7,894.4,2930.0,864.0,202.9,1133.9,735.2,7718.4,168.9,6861.2,7625.2
Fused Modular Frame,Fused Modular Frame,71608.5,83602.5,1070.1,33713.9,1080.7,34744.1,2793.1,1067.2,635.7,894.7,2913.5,865.0,203.4,1134.5,736.8,7826.5,169.3,6858.8,7615.4
Fused Modular Frame,Alternate: Heat-Fused Frame,71358.5,81287.1,1042.6,33376.3,1071.5,34180.5,2442.9,1163.6,635.7,894.4,2930.0,864.0,202.9,1133.9,735.2,7718.4,168.9,6861.2,7625.2
Packaged Nitrogen Gas,Packaged Nitrogen Gas,71358.5,81287.1,1042.6,33376.3,1071.5,34180.5,2442.9,1163.6,635.7,894.4,2930.0,864.0,202.9,1133.9,735.2,7718.4,168.9,6861.2,7625.2
Dissolved Silica,Alternate: Quartz Purification,71358.5,81287.1,1042.6,33376.3,1071.5,34180.5,2442.9,1163.6,635.7,894.4,2930.0,864.0,202.9,1133.9,735.2,7718.4,168.9,6861.2,7625.2
Thermal Propulsion Rocket,Thermal Propulsion Rocket,71358.5,81287.1,1042.6,33376.3,1071.5,34180.5,2442.9,1163.6,635.7,894.4,2930.0,864.0,202.9,1133.9,735.2,7718.4,168.9,6861.2,7625.2
Screw,Alternate: Steel Screw,71358.5,81287.1,1042.6,33376.3,1071.5,34180.5,2442.9,1163.6,635.7,894.4,2930.0,864.0,202.9,1133.9,735.2,7718.4,168.9,6861.2,7625.2
Screw,Alternate: Cast Screw,71653.5,81663.7,1082.6,33638.8,1091.6,34244.0,2397.0,1165.5,635.7,894.8,2939.0,874.4,203.5,1134.6,737.1,7643.6,169.4,6914.1,7930.1
Screw,Screw,71659.7,81707.6,1099.2,33422.8,1094.1,34188.6,2397.0,1165.5,635.7,894.8,2959.4,874.4,203.5,1134.6,737.2,7646.6,169.4,6847.4,7757.2
Quickwire,Alternate: Fused Quickwire,71518.7,82044.6,1026.7,33732.1,1079.8,33679.4,2443.0,1164.6,635.7,894.6,2895.3,378.4,203.2,1134.3,736.3,7722.6,169.2,7295.3,8059.4
Quickwire,Quickwire,71358.5,81287.1,1042.6,33376.3,1071.5,34180.5,2442.9,1163.6,635.7,894.4,2930.0,864.0,202.9,1133.9,735.2,7718.4,168.9,6861.2,7625.2
Black Powder,Alternate: Fine Black Powder,71358.5,81287.1,1042.6,33376.3,1071.5,34180.5,2442.9,1163.6,635.7,894.4,2930.0,864.0,202.9,1133.9,735.2,7718.4,168.9,6861.2,7625.2
Black Powder,Black Powder,71389.0,81310.8,1043.9,33385.9,1072.6,34197.7,2442.9,1161.6,635.7,894.4,2936.0,864.1,217.4,1133.9,735.4,7708.7,169.0,6861.2,7625.4
Ficsonium,Ficsonium,71358.5,81287.1,1042.6,33376.3,1071.5,34180.5,2442.9,1163.6,635.7,894.4,2930.0,864.0,202.9,1133.9,735.2,7718.4,168.9,6861.2,7625.2
Ficsonium Fuel Rod,Ficsonium Fuel Rod,71358.5,81287.1,1042.6,33376.3,1071.5,34180.5,2442.9,1163.6,635.7,894.4,2930.0,864.0,202.9,1133.9,735.2,7718.4,168.9,6861.2,7625.2
Singularity Cell,Singularity Cell,71358.5,81287.1,1042.6,33376.3,1071.5,34180.5,2442.9,1163.6,635.7,894.4,2930.0,864.0,202.9,1133.9,735.2,7718.4,168.9,6861.2,7625.2
Ballistic Warp Drive,Ballistic Warp Drive,71358.5,81287.1,1042.6,33376.3,1071.5,34180.5,2442.9,1163.6,635.7,894.4,2930.0,864.0,202.9,1133.9,735.2,7718.4,168.9,6861.2,7625.2
Iodine-Infused Filter,Iodine-Infused Filter,71358.5,81287.1,1042.6,33376.3,1071.5,34180.5,2442.9,1163.6,635.7,894.4,2930.0,864.0,202.9,1133.9,735.2,7718.4,168.9,6861.2,7625.2
Solid Biofuel,Solid Biofuel,71358.5,81287.1,1042.6,33376.3,1071.5,34180.5,2442.9,1163.6,635.7,894.4,2930.0,864.0,202.9,1133.9,735.2,7718.4,168.9,6861.2,7625.2
Alien Protein,Hog Protein,71358.5,81287.1,1042.6,33376.3,1071.5,34180.5,2442.9,1163.6,635.7,894.4,2930.0,864.0,202.9,1133.9,735.2,7718.4,168.9,6861.2,7625.2
Alien Protein,Spitter Protein,71358.5,81287.1,1042.6,33376.3,1071.5,34180.5,2442.9,1163.6,635.7,894.4,2930.0,864.0,202.9,1133.9,735.2,7718.4,168.9,6861.2,7625.2
Alien Protein,Stinger Protein,71358.5,81287.1,1042.6,33376.3,1071.5,34180.5,2442.9,1163.6,635.7,894.4,2930.0,864.0,202.9,1133.9,735.2,7718.4,168.9,6861.2,7625.2
Alien Protein,Hatcher Protein,71358.5,81287.1,1042.6,33376.3,1071.5,34180.5,2442.9,1163.6,635.7,894.4,2930.0,864.0,202.9,1133.9,735.2,7718.4,168.9,6861.2,7625.2
Biomass,Biomass (Mycelia),71358.5,81287.1,1042.6,33376.3,1071.5,34180.5,2442.9,1163.6,635.7,894.4,2930.0,864.0,202.9,1133.9,735.2,7718.4,168.9,6861.2,7625.2
Biomass,Biomass (Alien Protein),71358.5,81287.1,1042.6,33376.3,1071.5,34180.5,2442.9,1163.6,635.7,894.4,2930.0,864.0,202.9,1133.9,735.2,7718.4,168.9,6861.2,7625.2
Biomass,Biomass (Leaves),71358.5,81287.1,1042.6,33376.3,1071.5,34180.5,2442.9,1163.6,635.7,894.4,2930.0,864.0,202.9,1133.9,735.2,7718.4,168.9,6861.2,7625.2
Biomass,Biomass (Wood),71358.5,81287.1,1042.6,33376.3,1071.5,34180.5,2442.9,1163.6,635.7,894.4,2930.0,864.0,202.9,1133.9,735.2,7718.4,168.9,6861.2,7625.2
Alien DNA Capsule,Alien DNA Capsule,71358.5,81287.1,1042.6,33376.3,1071.5,34180.5,2442.9,1163.6,635.7,894.4,2930.0,864.0,202.9,1133.9,735.2,7718.4,168.9,6861.2,7625.2
Gas Filter,Gas Filter,71358.5,81287.1,1042.6,33376.3,1071.5,34180.5,2442.9,1163.6,635.7,894.4,2930.0,864.0,202.9,1133.9,735.2,7718.4,168.9,6861.2,7625.2
Fabric,Alternate: Polyester Fabric,71358.5,81287.1,1042.6,33376.3,1071.5,34180.5,2442.9,1163.6,635.7,894.4,2930.0,864.0,202.9,1133.9,735.2,7718.4,168.9,6861.2,7625.2
Fabric,Fabric,71357.9,81305.8,1042.8,33372.2,1071.7,34177.9,2442.9,1163.6,635.7,894.4,2929.2,864.0,202.9,1133.9,735.2,7715.1,168.9,6861.2,7625.2
Power Shard,Synthetic Power Shard,71358.5,81287.1,1042.6,33376.3,1071.5,34180.5,2442.9,1163.6,635.7,894.4,2930.0,864.0,202.9,1133.9,735.2,7718.4,168.9,6861.2,7625.2
Smokeless Powder,Smokeless Powder,71358.5,81287.1,1042.6,33376.3,1071.5,34180.5,2442.9,1163.6,635.7,894.4,2930.0,864.0,202.9,1133.9,735.2,7718.4,168.9,6861.2,7625.2
FICSMAS Wonder Star,FICSMAS Wonder Star,71358.5,81287.1,1042.6,33376.3,1071.5,34180.5,2442.9,1163.6,635.7,894.4,2930.0,864.0,202.9,1133.9,735.2,7718.4,168.9,6861.2,7625.2
FICSMAS Decoration,FICSMAS Decoration,71358.5,81287.1,1042.6,33376.3,1071.5,34180.5,2442.9,1163.6,635.7,894.4,2930.0,864.0,202.9,1133.9,735.2,7718.4,168.9,6861.2,7625.2
FICSMAS Ornament Bundle,FICSMAS Ornament Bundle,71358.5,81287.1,1042.6,33376.3,1071.5,34180.5,2442.9,1163.6,635.7,894.4,2930.0,864.0,202.9,1133.9,735.2,7718.4,168.9,6861.2,7625.2
Red FICSMAS Ornament,Red FICSMAS Ornament,71358.5,81287.1,1042.6,33376.3,1071.5,34180.5,2442.9,1163.6,635.7,894.4,2930.0,864.0,202.9,1133.9,735.2,7718.4,168.9,6861.2,7625.2
Blue FICSMAS Ornament,Blue FICSMAS Ornament,71358.5,81287.1,1042.6,33376.3,1071.5,34180.5,2442.9,1163.6,635.7,894.4,2930.0,864.0,202.9,1133.9,735.2,7718.4,168.9,6861.2,7625.2
Copper FICSMAS Ornament,Copper FICSMAS Ornament,71358.5,81287.1,1042.6,33376.3,1071.5,34180.5,2442.9,1163.6,635.7,894.4,2930.0,864.0,202.9,1133.9,735.2,7718.4,168.9,6861.2,7625.2
Iron FICSMAS Ornament,Iron FICSMAS Ornament,71358.5,81287.1,1042.6,33376.3,1071.5,34180.5,2442.9,1163.6,635.7,894.4,2930.0,864.0,202.9,1133.9,735.2,7718.4,168.9,6861.2,7625.2
Actual Snow,Actual Snow,71358.5,81287.1,1042.6,33376.3,1071.5,34180.5,2442.9,1163.6,635.7,894.4,2930.0,864.0,202.9,1133.9,735.2,7718.4,168.9,6861.2,7625.2
FICSMAS Tree Branch,FICSMAS Tree Branch,71358.5,81287.1,1042.6,33376.3,1071.5,34180.5,2442.9,1163.6,635.7,894.4,2930.0,864.0,202.9,1133.9,735.2,7718.4,168.9,6861.2,7625.2
FICSMAS Bow,FICSMAS Bow,71358.5,81287.1,1042.6,33376.3,1071.5,34180.5,2442.9,1163.6,635.7,894.4,2930.0,864.0,202.9,1133.9,735.2,7718.4,168.9,6861.2,7625.2
Candy Cane,Candy Cane,71358.5,81287.1,1042.6,33376.3,1071.5,34180.5,2442.9,1163.6,635.7,894.4,2930.0,864.0,202.9,1133.9,735.2,7718.4,168.9,6861.2,7625.2
Power (Other),Coal-Powered Generator (Coal),71358.5,81287.1,1042.6,33376.3,1071.5,34180.5,2442.9,1163.6,635.7,894.4,2930.0,864.0,202.9,1133.9,735.2,7718.4,168.9,6861.2,7625.2
Power (Other),Coal-Powered Generator (Compacted Coal),71358.5,81287.1,1042.6,33376.3,1071.5,34180.5,2442.9,1163.6,635.7,894.4,2930.0,864.0,202.9,1133.9,735.2,7718.4,168.9,6861.2,7625.2
Power (Other),Coal-Powered Generator (Petroleum Coke),71358.5,81287.1,1042.6,33376.3,1071.5,34180.5,2442.9,1163.6,635.7,894.4,2930.0,864.0,202.9,1133.9,735.2,7718.4,168.9,6861.2,7625.2
Power (Other),Biomass Burner (Leaves),71358.5,81287.1,1042.6,33376.3,1071.5,34180.5,2442.9,1163.6,635.7,894.4,2930.0,864.0,202.9,1133.9,735.2,7718.4,168.9,6861.2,7625.2
Power (Other),Biomass Burner (Wood),71358.5,81287.1,1042.6,33376.3,1071.5,34180.5,2442.9,1163.6,635.7,894.4,2930.0,864.0,202.9,1133.9,735.2,7718.4,168.9,6861.2,7625.2
Power (Other),Biomass Burner (Mycelia),71358.5,81287.1,1042.6,33376.3,1071.5,34180.5,2442.9,1163.6,635.7,894.4,2930.0,864.0,202.9,1133.9,735.2,7718.4,168.9,6861.2,7625.2
Power (Other),Biomass Burner (Biomass),71358.5,81287.1,1042.6,33376.3,1071.5,34180.5,2442.9,1163.6,635.7,894.4,2930.0,864.0,202.9,1133.9,735.2,7718.4,168.9,6861.2,7625.2
Power (Other),Biomass Burner (Solid Biofuel),71358.5,81287.1,1042.6,33376.3,1071.5,34180.5,2442.9,1163.6,635.7,894.4,2930.0,864.0,202.9,1133.9,735.2,7718.4,168.9,6861.2,7625.2
Power (Other),Biomass Burner (Packaged Liquid Biofuel),71358.5,81287.1,1042.6,33376.3,1071.5,34180.5,2442.9,1163.6,635.7,894.4,2930.0,864.0,202.9,1133.9,735.2,7718.4,168.9,6861.2,7625.2
Power (Fuel),Fuel-Powered Generator (Fuel),74465.4,87945.5,1104.1,36431.3,1123.7,35390.4,2445.0,888.6,635.7,898.5,3735.2,876.4,54.2,1141.8,445.0,10649.0,174.1,6861.6,7626.1
Power (Fuel),Fuel-Powered Generator (Turbofuel),73683.1,84069.0,1092.9,34092.7,1156.9,35535.6,2444.5,892.8,635.7,897.5,3473.6,873.2,74.7,1139.8,1016.2,7985.5,172.8,6861.3,7625.0
Power (Fuel),Fuel-Powered Generator (Liquid Biofuel),72512.5,97223.6,1161.8,34430.2,1123.8,32838.4,2443.7,883.9,635.7,898.0,2722.9,870.0,54.2,1141.0,440.5,9605.7,170.9,6862.5,7701.1
Power (Fuel),Fuel-Powered Generator (Rocket Fuel),71358.5,81287.1,1042.6,33376.3,1071.5,34180.5,2442.9,1163.6,635.7,894.4,2930.0,864.0,202.9,1133.9,735.2,7718.4,168.9,6861.2,7625.2
Power (Fuel),Fuel-Powered Generator (Ionized Fuel),87710.2,86366.4,1145.4,35833.3,1202.2,37773.3,2454.0,1160.5,635.7,916.2,3791.2,929.1,152.9,1683.3,672.3,8738.7,196.2,6865.5,7637.8
Power (Nuclear),Nuclear Power Plant (Uranium Fuel Rod),71358.5,81287.1,1042.6,33376.3,1071.5,34180.5,2442.9,1163.6,635.7,894.4,2930.0,864.0,202.9,1133.9,735.2,7718.4,168.9,6861.2,7625.2
Uranium Waste,Nuclear Power Plant (Uranium Fuel Rod),71358.5,81287.1,1042.6,33376.3,1071.5,34180.5,2442.9,1163.6,635.7,894.4,2930.0,864.0,202.9,1133.9,735.2,7718.4,168.9,6861.2,7625.2
Plutonium Waste,Nuclear Power Plant (Plutonium Fuel Rod),71358.5,81287.1,1042.6,33376.3,1071.5,34180.5,2442.9,1163.6,635.7,894.4,2930.0,864.0,202.9,1133.9,735.2,7718.4,168.9,6861.2,7625.2
